{
    "foreground_intensity_properties_per_channel": {
        "0": {
            "max": 1610.0,
            "mean": 465.1097412109375,
            "median": 478.0,
            "min": 0.0,
            "percentile_00_5": 0.0,
            "percentile_99_5": 1246.0,
            "std": 241.4937744140625
        }
    },
    "median_relative_size_after_cropping": 1.0,
    "shapes_after_crop": [
        [
            22,
            54,
            30
        ],
        [
            22,
            56,
            36
        ],
        [
            22,
            56,
            36
        ],
        [
            22,
            56,
            36
        ],
        [
            22,
            56,
            36
        ],
        [
            22,
            33,
            30
        ],
        [
            22,
            56,
            36
        ],
        [
            22,
            56,
            36
        ],
        [
            22,
            56,
            36
        ],
        [
            22,
            56,
            36
        ],
        [
            22,
            56,
            36
        ],
        [
            22,
            56,
            36
        ],
        [
            22,
            56,
            36
        ],
        [
            22,
            56,
            36
        ],
        [
            22,
            56,
            36
        ],
        [
            22,
            56,
            36
        ],
        [
            22,
            56,
            36
        ],
        [
            22,
            56,
            36
        ],
        [
            22,
            56,
            36
        ],
        [
            22,
            37,
            46
        ],
        [
            22,
            70,
            46
        ],
        [
            22,
            72,
            46
        ],
        [
            22,
            36,
            37
        ],
        [
            22,
            69,
            46
        ],
        [
            22,
            40,
            38
        ],
        [
            22,
            69,
            46
        ],
        [
            22,
            70,
            46
        ],
        [
            21,
            70,
            39
        ],
        [
            21,
            70,
            39
        ],
        [
            21,
            70,
            38
        ],
        [
            21,
            70,
            38
        ],
        [
            21,
            70,
            38
        ],
        [
            21,
            70,
            38
        ],
        [
            21,
            70,
            38
        ],
        [
            20,
            70,
            38
        ],
        [
            21,
            70,
            39
        ],
        [
            21,
            70,
            38
        ],
        [
            21,
            70,
            38
        ],
        [
            21,
            56,
            30
        ],
        [
            21,
            56,
            30
        ],
        [
            21,
            56,
            30
        ],
        [
            21,
            56,
            30
        ],
        [
            21,
            56,
            30
        ],
        [
            21,
            56,
            30
        ]
    ],
    "spacings": [
        [
            2.4200000762939453,
            1.46875,
            1.46875
        ],
        [
            2.4200000762939453,
            1.46875,
            1.46875
        ],
        [
            2.4200000762939453,
            1.46875,
            1.46875
        ],
        [
            2.4200000762939453,
            1.46875,
            1.46875
        ],
        [
            2.4200000762939453,
            1.46875,
            1.46875
        ],
        [
            2.4200000762939453,
            1.46875,
            1.46875
        ],
        [
            2.4200000762939453,
            1.46875,
            1.46875
        ],
        [
            2.4200000762939453,
            1.46875,
            1.46875
        ],
        [
            2.4200000762939453,
            1.46875,
            1.46875
        ],
        [
            2.4200000762939453,
            1.46875,
            1.46875
        ],
        [
            2.4200000762939453,
            1.46875,
            1.46875
        ],
        [
            2.4200000762939453,
            1.46875,
            1.46875
        ],
        [
            2.4200000762939453,
            1.46875,
            1.46875
        ],
        [
            2.4200000762939453,
            1.46875,
            1.46875
        ],
        [
            2.4200000762939453,
            1.46875,
            1.46875
        ],
        [
            2.4200000762939453,
            1.46875,
            1.46875
        ],
        [
            2.4200000762939453,
            1.46875,
            1.46875
        ],
        [
            2.4200000762939453,
            1.46875,
            1.46875
        ],
        [
            2.4200000762939453,
            1.46875,
            1.46875
        ],
        [
            2.419999837875366,
            1.1484375,
            1.1484375
        ],
        [
            2.419999837875366,
            1.1484375,
            1.1484375
        ],
        [
            2.419999837875366,
            1.1484375,
            1.1484375
        ],
        [
            2.419999837875366,
            1.1484375,
            1.1484375
        ],
        [
            2.419999837875366,
            1.1484375,
            1.1484375
        ],
        [
            2.419999837875366,
            1.1484375,
            1.1484375
        ],
        [
            2.419999837875366,
            1.1484375,
            1.1484375
        ],
        [
            2.419999837875366,
            1.1484375,
            1.1484375
        ],
        [
            2.419999837875366,
            1.1484375,
            1.1484375
        ],
        [
            2.419999837875366,
            1.1484375,
            1.1484375
        ],
        [
            2.419999837875366,
            1.1484375,
            1.1484375
        ],
        [
            2.419999837875366,
            1.1484375,
            1.1484375
        ],
        [
            2.419999837875366,
            1.1484375,
            1.1484375
        ],
        [
            2.419999837875366,
            1.1484375,
            1.1484375
        ],
        [
            2.419999837875366,
            1.1484375,
            1.1484375
        ],
        [
            2.419999837875366,
            1.1484375,
            1.1484375
        ],
        [
            2.419999837875366,
            1.1484375,
            1.1484375
        ],
        [
            2.419999837875366,
            1.1484375,
            1.1484375
        ],
        [
            2.419999837875366,
            1.1484375,
            1.1484375
        ],
        [
            2.419999837875366,
            1.46875,
            1.46875
        ],
        [
            2.419999837875366,
            1.46875,
            1.46875
        ],
        [
            2.419999837875366,
            1.46875,
            1.46875
        ],
        [
            2.419999837875366,
            1.46875,
            1.46875
        ],
        [
            2.419999837875366,
            1.46875,
            1.46875
        ],
        [
            2.419999837875366,
            1.46875,
            1.46875
        ]
    ]
}