{
    "input_folder": {
        "foreground_mean": {
            "Dice": 0.807131886537926,
            "FN": 106.58181818181818,
            "FP": 107.67272727272727,
            "IoU": 0.7422967064413395,
            "TN": 45174.34545454545,
            "TP": 2454.1727272727276,
            "n_pred": 2561.8454545454542,
            "n_ref": 2560.7545454545457
        },
        "mean": {
            "1": {
                "Dice": 0.835329210592446,
                "FN": 85.1590909090909,
                "FP": 75.88636363636364,
                "IoU": 0.7438994845020052,
                "TN": 47105.568181818184,
                "TP": 576.1590909090909,
                "n_pred": 652.0454545454545,
                "n_ref": 661.3181818181819
            },
            "2": {
                "Dice": 0.9134288760292596,
                "FN": 72.47727272727273,
                "FP": 52.68181818181818,
                "IoU": 0.8419780893934196,
                "TN": 47021.36363636364,
                "TP": 696.25,
                "n_pred": 748.9318181818181,
                "n_ref": 768.7272727272727
            },
            "3": {
                "Dice": 0.970446341562853,
                "FN": 289.45454545454544,
                "FP": 336.8181818181818,
                "IoU": 0.9426717919028682,
                "TN": 36992.5,
                "TP": 10224.0,
                "n_pred": 10560.818181818182,
                "n_ref": 10513.454545454546
            },
            "4": {
                "Dice": 0.43871436432924443,
                "FN": 8.045454545454545,
                "FP": 0.5227272727272727,
                "IoU": 0.35450540439208067,
                "TN": 47828.068181818184,
                "TP": 6.136363636363637,
                "n_pred": 6.659090909090909,
                "n_ref": 14.181818181818182
            },
            "5": {
                "Dice": 0.8777406401758265,
                "FN": 77.77272727272727,
                "FP": 72.45454545454545,
                "IoU": 0.8284287620163235,
                "TN": 46924.22727272727,
                "TP": 768.3181818181819,
                "n_pred": 840.7727272727273,
                "n_ref": 846.0909090909091
            }
        }
    },
    "postprocessed": {
        "foreground_mean": {
            "Dice": 0.8071380496921579,
            "FN": 106.58181818181818,
            "FP": 107.65,
            "IoU": 0.7423078074896636,
            "TN": 45174.36818181818,
            "TP": 2454.1727272727276,
            "n_pred": 2561.8227272727277,
            "n_ref": 2560.7545454545457
        },
        "mean": {
            "1": {
                "Dice": 0.835329210592446,
                "FN": 85.1590909090909,
                "FP": 75.88636363636364,
                "IoU": 0.7438994845020052,
                "TN": 47105.568181818184,
                "TP": 576.1590909090909,
                "n_pred": 652.0454545454545,
                "n_ref": 661.3181818181819
            },
            "2": {
                "Dice": 0.9134583421655638,
                "FN": 72.47727272727273,
                "FP": 52.61363636363637,
                "IoU": 0.8420310746026547,
                "TN": 47021.431818181816,
                "TP": 696.25,
                "n_pred": 748.8636363636364,
                "n_ref": 768.7272727272727
            },
            "3": {
                "Dice": 0.9704476911977085,
                "FN": 289.45454545454544,
                "FP": 336.77272727272725,
                "IoU": 0.9426743119352536,
                "TN": 36992.545454545456,
                "TP": 10224.0,
                "n_pred": 10560.772727272728,
                "n_ref": 10513.454545454546
            },
            "4": {
                "Dice": 0.43871436432924443,
                "FN": 8.045454545454545,
                "FP": 0.5227272727272727,
                "IoU": 0.35450540439208067,
                "TN": 47828.068181818184,
                "TP": 6.136363636363637,
                "n_pred": 6.659090909090909,
                "n_ref": 14.181818181818182
            },
            "5": {
                "Dice": 0.8777406401758265,
                "FN": 77.77272727272727,
                "FP": 72.45454545454545,
                "IoU": 0.8284287620163235,
                "TN": 46924.22727272727,
                "TP": 768.3181818181819,
                "n_pred": 840.7727272727273,
                "n_ref": 846.0909090909091
            }
        }
    },
    "postprocessing_fns": [
        "remove_all_but_largest_component_from_segmentation",
        "remove_all_but_largest_component_from_segmentation"
    ],
    "postprocessing_kwargs": [
        {
            "labels_or_regions": 2
        },
        {
            "labels_or_regions": 3
        }
    ]
}